
-- Test Data
INSERT INTO IP_Accounts(AccountId, Name, Email, Password, Balance)
VALUES 
    (10000, 'Mufasa', 'mufasa@gmail.com', '5e884898da28047151d0e56f8dc6292773603d0d6aabbdd62a11ef721d1542d8', 10200.0),
    (10001, 'Sarabi', 'sarabi@gmail.com', '5e884898da28047151d0e56f8dc6292773603d0d6aabbdd62a11ef721d1542d8', 20500.0),
    (10002, 'Simba', 'simba@gmail.com', '5e884898da28047151d0e56f8dc6292773603d0d6aabbdd62a11ef721d1542d8', 30050.0),
    (10003, 'Nala', 'nala@gmail.com', '5e884898da28047151d0e56f8dc6292773603d0d6aabbdd62a11ef721d1542d8', 40450.0),
    (10004, 'Kiara', 'kiara@gmail.com', '5e884898da28047151d0e56f8dc6292773603d0d6aabbdd62a11ef721d1542d8', 56000.0),
    (10005, 'Kovu', 'kovu@gmail.com', '5e884898da28047151d0e56f8dc6292773603d0d6aabbdd62a11ef721d1542d8', 19000.0),
    (10006, 'Timon', 'timon@gmail.com', '5e884898da28047151d0e56f8dc6292773603d0d6aabbdd62a11ef721d1542d8', 21500.0),
    (10007, 'Pumbaa', 'pumbaa@gmail.com', '5e884898da28047151d0e56f8dc6292773603d0d6aabbdd62a11ef721d1542d8', 30800.0),
    (10008, 'Rafiki', 'rafiki@gmail.com', '5e884898da28047151d0e56f8dc6292773603d0d6aabbdd62a11ef721d1542d8', 40050.0),
    (10009, 'Shenzi', 'shenzi@gmail.com', '5e884898da28047151d0e56f8dc6292773603d0d6aabbdd62a11ef721d1542d8', 51500.0);

INSERT INTO IP_Transactions(FromAccountId, ToAccountId, Amount, TransactionTime, Remarks)
VALUES 
    (10004,10000,100, '2022-01-01 12:15:59', 'Breakfast'),
    (10004,10001,200, '2022-11-02 14:53:12', 'Groceries'),
    (10004,10002,300, '2022-04-03 15:15:34', 'Movies'),
    (10004,10003,400, '2022-06-04 09:34:12', 'Dinner'),
    (10004,10005,500, '2022-08-05 02:15:43', 'Uber'),
    (10004,10001,600, '2022-12-06 17:54:51', 'Flight'),
    (10004,10002,50, '2022-12-08 04:54:51', 'Drinks'),
    (10004,10005,100, '2022-11-04 12:15:59', 'Biryani'),
    (10004,10001,200, '2022-12-05 14:53:12', 'Shoes'),
    (10004,10002,300, '2022-05-06 15:15:34', 'Cab'),
    (10004,10003,400, '2022-07-07 09:34:12', 'Lyft'),
    (10004,10005,500, '2022-09-08 02:15:43', 'Concert'),
    (10004,10002,600, '2022-12-12 17:54:51', 'Bus'),
    (10004,10002,50, '2022-12-23 04:54:51', 'Tickets'),
    (10007,10006,100, '2022-03-20 12:15:59', 'Club'),
    (10007,10008,200, '2022-04-21 14:53:12', 'Disco'),
    (10007,10006,300, '2022-06-22 15:15:34', 'Brunch'),
    (10007,10008,400, '2022-07-23 09:34:12', 'Beer'),
    (10003,10004,500, '2022-09-24 02:15:43', 'Whisky'),
    (10005,10006,600, '2022-11-25 17:54:51', 'Pizza'),
    (10008,10009,50, '2022-02-18 04:54:51', 'Lunch');


INSERT INTO IP_Payees(PayerAccountId, PayeeAccountId)
VALUES
    (10004,10000),
    (10004,10001),
    (10004,10002),
    (10004,10003),
    (10004,10005),
    (10007,10006),
    (10007,10008),
    (10003,10004),
    (10005,10006),
    (10008,10009);

-- Commit 
COMMIT;

